тип,код,название,восход,закат,разворот,широта,аз_восход,аз_5-19,аз_6-18,аз_7-17,аз_8-16,аз_9-15,аз_10-14,аз_11-13,аз_12,выс_восход,выс_5-19,выс_6-18,выс_7-17,выс_8-16,выс_9-15,выс_10-14,выс_11-13,выс_12,схема_1,схема_2,схема_3,схема_4,H1,H2,H3,окно_1,окно_2
город,0,Новороссийск,7:22,18:02,0,44.7,73,,,,60.8,48.5,34.2,17.9,0,0,,,,13,21.8,29,33.7,35.4,,,,,,,,,
город,1,Ярославль,4:37,19:23,-40,57.6,112,,96.3,83.6,70.1,55.3,38.7,20.1,0.0,0,,10.0,17.9,25.6,32.7,38.4,42.2,43.8,,,,,,,,,
город,2,Москва,5:13,19:44,-30,55.8,112,,96.6,84.2,71.0,56.4,39.8,20.8,0.0,0,,9.8,18.1,26.3,33.8,40.0,44.2,45.8,,,,,,,,,
город,3,Н новгород,4:43,19:17,-20,56.3,112,,97,84.8,72.0,57.6,40.9,21.5,0,0,,9.5,18.6,26.1,34.9,41.6,46.1,47.8,,,,,,,,,
город,4,Ижевск,4:38,19:22,-10,56.8,111,,96.6,84.2,71,56.4,39.8,20.8,0,0,,9.6,18.1,26.3,33.8,40,44.2,45.8,,,,,,,,,
город,5,Ульяновск,4:38,19:22,0,54.3,110,,97,84.8,72.0,57.6,40.9,21.5,0,0,,9.5,18.6,26.1,34.9,41.6,46.1,47.8,,,,,,,,,
город,6,Самара,05:04,18:56,40,53.2,110,,97,84.8,72,57.6,40.9,21.5,0,0,,9.5,18.6,27,34.9,41.6,46.1,47.8,,,,,,,,,
город,7,Саратов,5:19,18:41,30,51.5,109,,97.6,86.2,74,60,43.4,23.2,0,0,,9,18.6,28.1,37,44.5,48.8,51.8,,,,,,,,,
город,8,Волгоград,04:59,19:01,20,48.7,108,,97.9,86.8,75.0,61.3,44.8,24.2,0,0,,8.8,18.8,28.7,38,46,51.7,53.8,,,,,,,,,
город,9,Элиста,6:46,17:14,10,46.3,72,,,,60.4,47.9,33.6,17.4,0,0,,,,12.1,20.6,27.3,31.9,33.4,,,,,,,,,
вариант,1,,,,,,,,,,,,,,,,,,,,,,,,20,20,30,0,40,30,40,1.5,1.8
вариант,2,,,,,,,,,,,,,,,,,,,,,,,,40,30,40,20,40,40,40,1.5,1.8
вариант,3,,,,,,,,,,,,,,,,,,,,,,,,55,40,50,40,50,50,50,1.5,1.8
вариант,4,,,,,,,,,,,,,,,,,,,,,,,,70,50,70,60,50,40,60,1.8,1.8
вариант,5,,,,,,,,,,,,,,,,,,,,,,,,20,20,30,0,40,50,60,1.8,1.8
вариант,6,,,,,,,,,,,,,,,,,,,,,,,,40,30,40,20,60,50,40,1.8,1.8
вариант,7,,,,,,,,,,,,,,,,,,,,,,,,55,40,50,40,50,40,30,1.8,1.8
вариант,8,,,,,,,,,,,,,,,,,,,,,,,,70,50,70,60,40,30,20,1.8,2.1
вариант,9,,,,,,,,,,,,,,,,,,,,,,,,20,30,40,20,60,60,40,1.8,2.1
вариант,0,,,,,,,,,,,,,,,,,,,,,,,,40,40,50,40,30,30,30,1.8,2.1
